id;delivery_method;delivery_method_name;export_time;packed_time;status;status_name;status_style;total_weight;create_at;update_at
1;plum Borders;TCP;2019-06-04T21:59:38;2019-06-04T17:55:27;Sports Gorgeous web-enabled;interfaces tan empower;Response;39701;2019-06-04T03:34:54;2019-06-04T21:05:30
2;Auto Loan Account;Guadeloupe;2019-06-04T02:03:55;2019-06-04T11:00:14;TCP Buckinghamshire;Tasty Cotton Keyboard Response Shirt;mindshare metrics;90761;2019-06-04T07:04:45;2019-06-04T06:02:43
3;Credit Card Account;secured line;2019-06-04T05:56:23;2019-06-04T00:15:38;calculating Sports deposit;port;Small Rubber Pizza Fiji Dollar Metal;38383;2019-06-04T03:58:24;2019-06-04T12:13:56
4;revolutionary Rubber;Saint Kitts and Nevis Senior;2019-06-04T13:28:48;2019-06-04T21:15:27;out-of-the-box;bandwidth payment withdrawal;Home Loan Account Beauty deposit;91328;2019-06-04T20:24:15;2019-06-04T08:28:49
5;GB;deposit reboot Bahrain;2019-06-04T03:17:08;2019-06-04T10:22:00;Fresh Clothing relationships;Meadow;Maryland;4373;2019-06-04T01:20:20;2019-06-04T20:13:47
6;Hawaii web-enabled transmitter;Refined Cotton Chicken navigating;2019-06-04T13:29:18;2019-06-04T07:01:51;interactive;PNG;Flat cross-platform;82242;2019-06-04T12:22:44;2019-06-04T02:36:02
7;Legacy partnerships;Customer;2019-06-04T22:53:11;2019-06-04T14:16:25;Checking Account interface;Haiti Bedfordshire Table;Steel Legacy;34587;2019-06-04T00:27:45;2019-06-04T19:28:29
8;Beauty withdrawal;Garden optimize;2019-06-04T04:10:50;2019-06-04T13:21:03;artificial intelligence Uzbekistan Sum;Guinea overriding;Designer Course;68827;2019-06-04T19:09:55;2019-06-04T19:48:31
9;Bedfordshire Industrial Borders;Cotton Small red;2019-06-04T00:58:00;2019-06-04T13:52:13;Shirt Home;Granite Bedfordshire Fresh;Cotton Identity info-mediaries;88840;2019-06-04T12:31:22;2019-06-04T08:42:41
10;connecting Executive mission-critical;Shirt Tools Director;2019-06-04T04:37:01;2019-06-04T10:11:17;Shoes Malawi Chad;Streamlined indexing B2C;next generation mint green Sleek Plastic Chicken;27024;2019-06-04T17:32:27;2019-06-03T23:59:17
