id;avatar;origin_link;name;note;price;price_ndt;properties_id;properties_image;properties_md_5;properties_name;properties_type;quantity_order;quantity_pending;quantity_received;total_price;total_price_ndt;website;create_at;update_at
1;B2C systematic;program;Gorgeous Steel Salad Associate;Fantastic whiteboard;12443;21825;Data open-source Generic;Facilitator XSS;Underpass Personal Loan Account;parse;Intuitive;94273;83782;64964;23056;60773;Avon Automated Shirt;2019-06-04T17:53:24;2019-06-04T22:18:00
2;Accounts;wireless Generic Frozen Bike EXE;Personal Loan Account Chile foreground;connect Zimbabwe Dollar;15389;89743;Flat Savings Account generate;Personal Loan Account;SDD Trail;didactic Granite;Tasty Fresh Pizza Jewelery monitoring;93158;55085;73521;8698;28139;Implemented Computers;2019-06-04T06:29:05;2019-06-04T05:49:11
3;Borders;Integration;Bond Markets Units European Composite Unit (EURCO);Facilitator;6151;49514;Motorway Virginia generating;payment Mayotte;optimal EXE optical;Synchronised Pizza;array;83701;23869;69747;93009;68014;Credit Card Account;2019-06-04T05:07:00;2019-06-04T18:38:25
4;SCSI;RSS Outdoors backing up;copying;reboot;16075;112;Tennessee generate Adaptive;asymmetric;website New York;exuding;Beauty synthesizing;12844;10698;28334;76102;1842;web services copying;2019-06-04T13:46:12;2019-06-04T07:59:56
5;Mobility;solid state;Baht;Paradigm;16637;70817;Handmade Rubber Shoes proactive Checking Account;SCSI;Technician Architect calculate;Auto Loan Account;Movies Sports;32361;37183;48864;81878;77040;UAE Dirham;2019-06-04T12:28:48;2019-06-04T19:22:02
6;Wells;partnerships Terrace Hat;calculating conglomeration bypassing;Kroon deposit systemic;95086;96323;Grocery;Interactions applications invoice;compress methodologies;e-services;program override red;86812;65166;71492;36852;56275;Mall Vietnam Mouse;2019-06-04T18:17:34;2019-06-04T02:20:06
7;hack;Summit Saint Martin Kids;Plastic Automotive Principal;indigo Manors;123;11730;Rubber Ethiopian Birr;Hawaii Networked;Handcrafted Rubber Gloves;South Carolina;website Curve;1162;46459;7244;68045;39249;Walks Credit Card Account;2019-06-04T16:10:55;2019-06-04T07:24:51
8;program Accounts Lead;Shoals Rustic Configurable;Delaware Health Borders;Rupiah;55964;77580;Tactics;Borders;PCI;Sports;24/365;32209;13271;97746;56754;20085;Turkish Lira overriding Rustic Metal Computer;2019-06-04T00:20:41;2019-06-04T07:54:27
9;circuit;Personal Loan Account;Generic Granite Gloves capacitor;Assurance Auto Loan Account cross-platform;61225;81482;Handcrafted Customer;Auto Loan Account online;deposit Central African Republic;markets protocol Savings Account;Shoes HDD;21921;32901;97586;47018;33689;Pizza redundant deposit;2019-06-04T11:13:30;2019-06-04T19:18:06
10;Clothing deposit;Designer;Borders Intelligent whiteboard;Practical Steel Mouse;25768;84045;Pizza Assurance;program e-commerce;array parse;Awesome Fresh Hat New Jersey;Clothing target;60618;87342;59772;90070;79295;withdrawal Planner;2019-06-04T16:22:09;2019-06-04T01:17:07
