id;status;status_name;status_style;create_at;update_at
1;Auto Loan Account Mill;Switzerland Operations;Unions Jewelery leading-edge;2019-06-04T14:03:25;2019-06-04T19:36:21
2;Moldova Operative;Investment Account generate;synthesize capacitor Andorra;2019-06-04T03:26:40;2019-06-04T18:28:59
3;Outdoors deposit;Functionality invoice streamline;Applications;2019-06-04T14:44:34;2019-06-04T18:30:44
4;Shoes;Open-source multi-tasking;Data;2019-06-04T10:24:27;2019-06-04T10:14:31
5;archive Credit Card Account;morph Administrator bypassing;Computer Dong;2019-06-04T18:49:38;2019-06-04T03:59:14
6;Fish attitude-oriented;Georgia Universal Group;Licensed connecting;2019-06-04T14:13:03;2019-06-04T22:08:23
7;deposit Solutions;invoice Cambridgeshire;Secured olive;2019-06-04T08:31:06;2019-06-04T18:59:14
8;next-generation Human;efficient Exclusive virtual;transmitter;2019-06-04T02:45:13;2019-06-04T13:00:43
9;Trinidad and Tobago Dollar Licensed Savings Account;interfaces Mouse;bus;2019-06-04T02:28:29;2019-06-04T11:49:57
10;Bermuda;Home;Phased sky blue;2019-06-04T07:52:15;2019-06-04T17:36:54
