id;status;description;create_at
1;DEPOSITED;Officer New Hampshire Unions;2019-06-04T15:40:23
2;DEPOSITED;complexity Direct Administrator;2019-06-04T00:31:10
3;DEPOSITED;South Georgia and the South Sandwich Islands;2019-06-04T07:42:46
4;DEPOSITED;Organic Granite;2019-06-04T21:20:05
5;DEPOSITED;Kansas;2019-06-04T03:53:11
6;DEPOSITED;Home Loan Account ADP Personal Loan Account;2019-06-04T17:35:26
7;DEPOSITED;Outdoors;2019-06-04T18:43:49
8;DEPOSITED;Supervisor;2019-06-04T14:45:53
9;DEPOSITED;Sleek Granite Tuna Utah;2019-06-04T16:39:40
10;DEPOSITED;monitor Adaptive;2019-06-04T20:31:49
