id;name;enabled;create_at;update_at
1;incentivize Tuna copy;false;2019-06-04T10:42:00;2019-06-04T18:11:27
2;Georgia Industrial;true;2019-06-04T04:34:43;2019-06-04T12:23:15
3;e-enable Communications capacitor;false;2019-06-04T21:03:28;2019-06-04T09:29:28
4;Aruba;true;2019-06-04T15:22:25;2019-06-04T02:54:47
5;compress South Georgia and the South Sandwich Islands;true;2019-06-04T14:37:10;2019-06-04T00:00:56
6;Home Loan Account;false;2019-06-04T19:47:58;2019-06-04T16:04:16
7;Car Industrial deliverables;false;2019-06-04T18:24:45;2019-06-04T16:08:16
8;Jewelery;false;2019-06-04T06:13:02;2019-06-04T06:06:34
9;1080p Checking Account Identity;true;2019-06-04T20:24:02;2019-06-04T01:13:22
10;generating Highway Ergonomic;false;2019-06-04T15:43:05;2019-06-04T07:07:46
