id;item_id;item_image;item_link;item_price;item_price_ndt;item_note;properties_id;properties_image;properties_md_5;properties_name;properties_type;quantity;require_min;total_amount;total_amount_ndt;create_at;update_at
1;withdrawal digital;Som;calculating scale West Virginia;58776;20293;Maine;strategic Clothing Toys;Indiana Denar Paradigm;Brand systematic eyeballs;generate Estates Squares;View Buckinghamshire;13347;63117;8060;4984;2019-06-04T05:42:41;2019-06-04T01:29:17
2;District 1080p;bypass;Polarised;13134;13535;reboot withdrawal;Movies 6th generation Gorgeous Steel Ball;Extended;open-source Engineer unleash;Summit compress;Shoes;85308;3361;4650;6265;2019-06-04T08:18:33;2019-06-04T01:25:39
3;Plastic Gambia;navigate Unbranded;Shoes;66378;54832;Rubber XSS streamline;users modular sensor;Engineer Metal microchip;Kentucky;utilisation Communications;e-business Steel Fish;22531;41798;25096;8884;2019-06-04T02:46:02;2019-06-04T06:46:18
4;Macedonia Executive;AI;Bahrain wireless Mali;61290;8172;Summit;initiatives Frozen;overriding Bermudian Dollar (customarily known as Bermuda Dollar);AI Ports;Finland Licensed Granite Computer cross-platform;Associate neural;49725;20136;33977;25862;2019-06-04T02:15:02;2019-06-04T19:13:44
5;pricing structure input;Electronics Fresh;GB AGP;23879;94663;Wyoming input;Toys Ergonomic Granite Pants;interactive target primary;withdrawal navigating;Licensed web services;mint green;52332;9403;28713;35667;2019-06-04T04:09:12;2019-06-04T05:00:08
6;motivating project;reinvent Human;Cape Verde Ridge;55782;79326;methodology;customized Product Chips;Rubber green;customized;invoice Gloves schemas;Executive SCSI;11764;80360;73973;50520;2019-06-04T15:30:35;2019-06-03T23:58:15
7;supply-chains Liaison Saint Helena Pound;challenge Agent;systems Keyboard Clothing;55975;9303;Clothing programming;Fantastic;Officer cutting-edge secured line;Botswana application website;Internal withdrawal;end-to-end;49421;81925;82824;87982;2019-06-04T15:08:13;2019-06-04T10:34:17
8;Realigned;bypassing;program;42011;14197;out-of-the-box Extension calculate;e-commerce Louisiana;synthesizing Streets Engineer;Music feed;extranet;Movies Colombian Peso Unidad de Valor Real Pizza;65528;22717;99174;83704;2019-06-04T21:26:15;2019-06-04T16:28:45
9;withdrawal;XML orange sticky;Shoes;30394;40830;reboot Human;transmit;Handcrafted Fresh Ball invoice SMTP;Florida;deploy;Flats AI;54664;12884;38040;41276;2019-06-03T23:44:20;2019-06-04T03:55:32
10;Landing;Practical Soft Chair;Specialist Fresh card;97277;91077;synthesize optical Industrial;Credit Card Account Kansas Auto Loan Account;motivating RSS;magenta;Bahrain;content-based;4612;1240;56717;46876;2019-06-04T16:22:12;2019-06-04T15:57:05
