id;full_name;gender;email;mobile;create_at;update_at
1;transform;MALE;Jean_Pollich@yahoo.com;Devolved driver Networked;2019-06-04T15:22:19;2019-06-04T18:53:24
2;world-class program alarm;MALE;Johann.Hilll@gmail.com;Persevering;2019-06-03T23:49:46;2019-06-03T23:41:18
3;Cambridgeshire Investor;MALE;Marcella.Kulas23@yahoo.com;Bedfordshire Alaska calculate;2019-06-04T22:08:06;2019-06-04T18:55:51
4;Applications Response Human;MALE;Hilario_Lueilwitz96@gmail.com;SDD disintermediate reinvent;2019-06-04T02:45:16;2019-06-04T16:44:18
5;Bedfordshire;MALE;Tod9@hotmail.com;Credit Card Account;2019-06-03T23:25:14;2019-06-04T14:34:27
6;Open-architected;MALE;Rosetta70@hotmail.com;real-time discrete redundant;2019-06-04T03:44:21;2019-06-04T17:01:58
7;Personal Loan Account Sleek Beauty;MALE;Gracie89@hotmail.com;value-added incubate Practical;2019-06-04T09:18:11;2019-06-04T07:03:11
8;implementation;MALE;Rogelio.McLaughlin25@gmail.com;Licensed Plastic Pants;2019-06-04T10:17:30;2019-06-04T20:07:56
9;South Georgia and the South Sandwich Islands;MALE;Amely.Dietrich@hotmail.com;Philippine Peso Metal;2019-06-04T19:59:45;2019-06-03T23:45:41
10;Buckinghamshire alliance redundant;MALE;Aric18@hotmail.com;Refined infomediaries Som;2019-06-04T21:47:06;2019-06-04T19:01:21
