id;name;address;mobile;note;is_shipping_address;create_at;update_at
1;Table Enterprise-wide Benin;Tuna Response invoice;alarm Jamaica;system Gorgeous Rubber Pants;false;2019-06-04T04:59:37;2019-06-04T20:17:52
2;leading-edge;Ergonomic Steel Gloves;Developer Shoes Music;Buckinghamshire Hollow Shoes;false;2019-06-04T07:35:14;2019-06-04T13:37:03
3;Personal Loan Account;HTTP explicit;Personal Loan Account;Cambridgeshire Norfolk Island;true;2019-06-04T19:16:16;2019-06-04T08:24:05
4;Web;Outdoors New York Data;Jamaican Dollar North Carolina;Station;true;2019-06-04T03:29:11;2019-06-04T00:35:12
5;revolutionize Branding;teal analyzing yellow;Books Generic;robust withdrawal generate;true;2019-06-04T22:37:23;2019-06-04T15:00:24
6;directional Avon Solomon Islands Dollar;Personal Loan Account HTTP;schemas Specialist China;quantify multi-byte;true;2019-06-04T05:37:20;2019-06-04T13:16:44
7;incentivize;Louisiana JSON Texas;bandwidth;application Configurable iterate;true;2019-06-04T11:03:20;2019-06-04T11:15:51
8;monetize superstructure Fantastic;Industrial;bypassing granular Usability;Applications Missouri deposit;false;2019-06-04T20:58:51;2019-06-04T16:08:41
9;knowledge user Danish Krone;Data neural Wooden;Cambridgeshire Tasty Rubber Car mindshare;Guam bandwidth Liaison;true;2019-06-04T04:54:20;2019-06-04T03:05:41
10;SDD bypassing;Algerian Dinar Fantastic Fresh Salad;Steel Avon Visionary;exploit transition;true;2019-06-04T17:30:04;2019-06-04T00:26:52
