id;name;address;create_at;update_at
1;Checking Account contingency parallelism;Checking Account Unbranded Fresh Pizza SMTP;2019-06-04T15:15:07;2019-06-04T08:56:40
2;Principal orchid;Dominica;2019-06-04T03:03:59;2019-06-04T04:06:43
3;Grocery;zero tolerance optical;2019-06-04T09:25:17;2019-06-04T10:40:02
4;Gorgeous Fresh Bike Investment Account;bandwidth;2019-06-04T10:34:34;2019-06-04T01:21:03
5;Vatu;Refined Frozen Towels Beauty North Korean Won;2019-06-04T21:12:32;2019-06-04T15:34:30
6;vortals hack Money Market Account;Table Soap Web;2019-06-04T12:29:45;2019-06-04T08:58:52
7;Pakistan Rupee Progressive Avon;Innovative;2019-06-04T04:18:00;2019-06-04T11:28:40
8;withdrawal Response Investment Account;Analyst motivating optimize;2019-06-04T01:47:11;2019-06-04T17:04:35
9;vertical;Checking Account Corporate;2019-06-04T17:26:57;2019-06-04T16:32:18
10;Architect info-mediaries;Savings Account Plain;2019-06-04T12:26:33;2019-06-04T16:26:43
